,date,active_energy_kj,exercise_time_min,stand_time_min,basal_energy_burned_kj,resting_heart_rate_count_min,asleep_min_acitvity,min_in_bed_activity,step_count
0,2021-10-01,2048.0,9.0,92.0,9244.0,46.0,356.1226092457771,484.9225974957148,3824.0
1,2021-10-02,1700.0,4.0,79.0,8859.0,52.0,,,4405.0
2,2021-10-03,2662.0,31.0,139.0,9123.0,50.0,154.6360642294089,154.6360642294089,8528.0
3,2021-10-04,2907.0,20.0,165.0,9389.0,43.0,452.16987876097363,516.1698274056117,10481.0
4,2021-10-05,1889.0,10.0,89.0,9097.0,52.0,,,4097.0
5,2021-10-06,1921.0,6.0,103.0,9177.0,46.0,484.1801877657573,641.8767314394315,3743.0
6,2021-10-07,1970.0,7.0,98.0,9295.0,52.0,438.25889949997264,469.95887816548344,4154.0
7,2021-10-08,2644.0,7.0,160.0,9313.0,48.0,382.3360343794028,435.9526791711648,8523.0
8,2021-10-09,1050.0,,4.0,8658.0,47.0,379.9931804716587,588.3340610762436,1058.0
9,2021-10-10,898.82,,20.0,8539.0,49.0,,,1770.0
10,2021-10-11,3029.0,27.0,188.0,9401.0,45.0,465.6578977545102,465.6578977545102,9635.0
11,2021-10-12,2880.0,21.0,198.0,9275.0,49.0,448.3592525859674,523.0592478533586,10329.0
12,2021-10-13,2896.0,18.0,197.0,9344.0,48.0,474.6864278356234,616.2991429487864,9621.0
13,2021-10-14,1956.0,10.0,79.0,9231.0,49.0,464.2554814636707,497.07218340833975,4237.0
14,2021-10-15,2020.0,5.0,83.0,9411.0,47.0,395.6173239648342,454.6506472726663,3156.0
15,2021-10-16,1084.0,2.0,18.0,8667.0,45.0,414.29330646594366,414.29330646594366,1533.0
16,2021-10-17,1051.0,2.0,6.0,8798.0,51.0,433.83682002425195,433.83682002425195,909.0
17,2021-10-18,2357.0,16.0,148.0,9185.0,48.0,429.6757051944732,458.6423527439435,6876.0
18,2021-10-19,3556.0,22.0,277.0,9459.0,57.0,,,14015.0
19,2021-10-20,3056.0,25.0,228.0,9335.0,62.0,,,10584.0
20,2021-10-21,5143.0,93.0,393.0,8948.0,68.0,,,22533.0
21,2021-10-22,2914.0,18.0,228.0,9186.0,67.0,,,10030.0
22,2021-10-23,1158.0,7.0,78.0,8318.0,52.0,33.67355441848437,33.67355441848437,3298.0
23,2021-10-24,1821.0,12.0,99.0,8752.0,50.0,376.4758590380351,410.2591542363167,5644.0
24,2021-10-25,3679.0,26.0,262.0,9698.0,55.0,,,13630.0
25,2021-10-26,4653.0,72.0,344.0,9422.0,54.0,,,20626.0
26,2021-10-27,2320.0,10.0,147.0,9318.0,47.0,542.3469777385395,599.946964319547,5894.0
27,2021-10-28,3210.0,26.0,245.0,9366.0,52.0,365.0775747279326,395.0775838315487,11213.0
28,2021-10-29,4792.0,41.0,411.0,9468.0,55.0,,,22819.0
29,2021-10-30,2279.0,33.0,111.0,8984.0,62.0,,,6370.0
30,2021-10-31,675.91,,2.0,8865.0,48.0,,,479.0
31,2021-11-01,560.75,2.0,27.0,8395.0,59.0,,,1217.0
32,2021-11-02,3371.0,15.0,309.0,9380.0,50.0,505.13179367780685,585.8823274930318,12775.0
33,2021-11-03,2888.0,12.0,230.0,9347.0,52.0,,,9221.0
34,2021-11-04,3605.0,57.0,204.0,9482.0,46.0,437.92337104678154,562.7618508478007,13008.0
35,2021-11-05,1875.0,15.0,105.0,8991.0,48.0,,,5269.0
36,2021-11-06,1716.0,3.0,63.0,9103.0,52.0,368.794645267725,488.5776504019896,1691.0
37,2021-11-07,2654.0,41.0,164.0,8869.0,59.0,,,8470.0
38,2021-11-08,3423.0,15.0,274.0,9455.0,56.0,,,12514.0
39,2021-11-09,1800.0,9.0,92.0,9188.0,55.0,,,3615.0
40,2021-11-10,1870.0,14.0,100.0,9171.0,50.0,483.69941975474364,575.5159995377064,4493.0
41,2021-11-11,2129.0,17.0,118.0,9136.0,50.0,484.27594752907754,547.9425799945991,5134.0
42,2021-11-12,4366.0,57.0,379.0,9505.0,60.0,,,16056.0
43,2021-11-13,2095.0,3.0,84.0,9293.0,55.0,38.48771638075511,38.48771638075511,4470.0
44,2021-11-14,2179.0,16.0,169.0,8810.0,54.0,,,8283.0
45,2021-11-15,3165.0,27.0,262.0,9239.0,50.0,398.8628988782565,482.7594235897064,10435.0
46,2021-11-16,2545.0,19.0,150.0,9253.0,47.0,578.4583326021831,636.4583101153373,8537.0
47,2021-11-17,1898.0,14.0,85.0,9118.0,53.0,,,4616.0
48,2021-11-18,4882.0,23.0,461.0,9654.0,48.0,334.2795516431332,395.8422853529453,22311.0
49,2021-11-19,2683.0,19.0,235.0,9081.0,57.0,,,10408.0
50,2021-11-20,2364.0,14.0,116.0,9296.0,52.0,,,5688.0
51,2021-11-21,1496.0,5.0,87.0,8686.0,61.0,,,4708.0
52,2021-11-22,2049.0,14.0,149.0,9007.0,53.0,,,6350.0
53,2021-11-23,4704.0,47.0,397.0,9635.0,56.0,,,18794.0
54,2021-11-24,3241.0,18.0,254.0,9253.0,58.0,,,11506.0
55,2021-11-25,2434.0,11.0,163.0,9264.0,53.0,567.1053560753664,622.8719447553158,6664.0
56,2021-11-26,2815.0,16.0,223.0,9338.0,50.0,,,7540.0
57,2021-11-27,2455.0,31.0,142.0,8750.0,70.0,,,9174.0
58,2021-11-28,929.89,,9.0,8571.0,57.0,397.3556703070799,457.75541569987934,1168.0
59,2021-11-29,3261.0,20.0,271.0,9371.0,56.0,,,11344.0
60,2021-11-30,1674.0,4.0,115.0,8972.0,51.0,489.3861142218112,640.7988141318162,4433.0
61,2021-12-01,1487.0,10.0,62.0,8749.0,47.0,346.1929767668247,412.07634336352345,3823.0
62,2021-12-02,3107.0,23.0,264.0,9297.0,56.0,,,11024.0
63,2021-12-03,3598.0,33.0,372.0,9284.0,49.0,409.70873712102576,469.90872655510907,12739.0
64,2021-12-04,2101.0,6.0,104.0,9227.0,54.0,305.16343344251317,305.16343344251317,4216.0
65,2021-12-05,738.49,,11.0,8468.0,52.0,420.1700040221214,420.1700040221214,837.0
66,2021-12-06,4152.0,32.0,429.0,9193.0,52.0,217.01323286890988,313.2965337534746,17356.0
67,2021-12-07,4088.0,33.0,356.0,9275.0,57.0,,,15982.0
68,2021-12-08,3350.0,32.0,256.0,9151.0,52.0,397.4944988965988,422.5611526767413,11124.0
69,2021-12-09,3145.0,8.0,273.0,9231.0,50.0,529.9027711749077,648.8860750317574,11545.0
70,2021-12-10,5451.0,25.0,581.0,9512.0,59.0,,,27496.0
71,2021-12-11,1788.0,17.0,101.0,8636.0,60.0,,,6900.0
72,2021-12-12,1253.0,6.0,63.0,8518.0,54.0,366.67766929070154,366.67766929070154,2545.0
73,2021-12-13,3372.0,16.0,312.0,8944.0,52.0,189.28183128436407,189.28183128436407,14194.0
74,2021-12-14,2630.0,9.0,212.0,8975.0,49.0,533.5921532034873,652.0881882429126,9246.0
75,2021-12-15,3638.0,22.0,342.0,8985.0,51.0,,,15111.0
76,2021-12-16,2559.0,20.0,159.0,8960.0,50.0,,,7396.0
77,2021-12-17,2335.0,10.0,199.0,8877.0,57.0,,,6292.0
78,2021-12-18,375.79,,16.0,7936.0,52.0,,,935.86
79,2021-12-19,3054.0,40.0,201.0,8781.0,55.0,304.83804074724515,304.83804074724515,11693.0
80,2021-12-20,1069.0,7.0,48.0,8317.0,54.0,425.35983047087984,425.35983047087984,3639.0
81,2021-12-21,1527.0,7.0,70.0,8571.0,51.0,,,3606.0
82,2021-12-22,643.06,1.0,11.0,8167.0,50.0,169.1459682226181,169.1459682226181,1395.0
83,2021-12-23,1882.0,9.0,115.0,8633.0,49.0,349.9276018659274,349.9276018659274,4987.0
84,2021-12-24,2127.0,4.0,110.0,8876.0,56.0,50.31472382545471,50.31472382545471,5531.0
85,2021-12-25,2441.0,10.0,113.0,9113.0,56.0,264.75016624331477,264.75016624331477,4878.0
86,2021-12-26,2448.0,9.0,151.0,8995.0,55.0,555.7308329164982,716.1974694867928,7340.0
87,2021-12-27,1757.0,10.0,39.0,8732.0,50.0,382.65277225176493,382.65277225176493,3581.0
88,2021-12-28,1266.0,3.0,66.0,8339.0,53.0,546.0047489702702,633.734678731362,3497.0
89,2021-12-29,1117.0,4.0,44.0,8369.0,51.0,,,2065.0
90,2021-12-30,2325.0,21.0,142.0,8736.0,51.0,454.69276346365615,485.6927578250568,7066.0
91,2021-12-31,1777.0,2.0,119.0,8708.0,58.0,,,3730.0
92,2022-01-01,3732.0,64.0,180.0,9009.0,55.0,,,11100.0
93,2022-01-02,2301.0,9.0,160.0,8703.0,51.0,435.54078678687415,454.72412638664247,8259.0
94,2022-01-03,2029.0,17.0,119.0,8657.0,53.0,441.1383114675681,441.1383114675681,7615.0
95,2022-01-04,2959.0,17.0,191.0,8651.0,59.0,,,12402.0
96,2022-01-05,1958.0,12.0,124.0,8410.0,55.0,283.1844614446163,394.53425055940943,8611.0
97,2022-01-06,6108.0,155.0,380.0,8887.0,,,,28753.0
98,2022-01-07,7653.0,186.0,489.0,8788.0,47.0,,,37622.0
99,2022-01-08,3933.0,74.0,281.0,8551.0,46.0,235.17765802542365,235.17765802542365,20626.0
100,2022-01-09,3136.0,60.0,203.0,8572.0,,,,14475.0
101,2022-01-10,4248.0,113.0,269.0,8443.0,70.0,,,21333.0
102,2022-01-11,2826.0,50.0,155.0,8573.0,70.0,,,20820.0
103,2022-01-12,1946.0,16.0,101.0,8524.0,51.0,,,6698.0
104,2022-01-13,2972.0,85.0,149.0,8382.0,44.0,430.86769900123284,526.9887498080731,13364.0
105,2022-01-14,762.47,5.0,55.0,8028.0,,,,3529.0
106,2022-01-15,2363.0,23.0,134.0,8466.0,48.5,,,10285.0
107,2022-01-16,2990.0,52.0,173.0,8543.0,,450.38821524779,510.238201268514,14235.0
108,2022-01-17,4416.0,104.0,224.0,8404.0,49.0,,,18839.0
109,2022-01-18,3943.0,65.0,241.0,8731.0,53.0,,,17107.0
110,2022-01-19,2518.0,30.0,150.0,8472.0,48.0,68.91660741567613,0.0,10533.0
111,2022-01-20,1057.0,3.0,39.0,8170.0,50.0,541.9503670414289,723.8972153226534,6530.0
112,2022-01-21,1693.0,16.0,71.0,8312.0,48.0,425.2213131686052,522.054607162873,5737.0
113,2022-01-22,1659.0,16.0,48.0,8471.0,43.0,516.5113610386848,552.1780041933059,3586.0
114,2022-01-23,3379.0,70.0,156.0,8765.0,62.0,,,11665.0
115,2022-01-24,3499.0,82.0,218.0,8475.0,,,,16895.0
116,2022-01-25,2587.0,24.0,109.0,9213.0,43.5,,,7867.0
117,2022-01-26,3772.0,94.0,215.0,8741.0,,116.97997590700784,116.97997590700784,17225.0
118,2022-01-27,4717.0,85.0,329.0,8723.0,55.5,,,24251.0
119,2022-01-28,2890.0,54.0,158.0,8461.0,54.0,,,13381.0
120,2022-01-29,4645.0,108.0,251.0,8748.0,,89.91465093294781,89.91465093294781,19749.0
121,2022-01-30,3614.0,56.0,229.0,8626.0,74.0,,,19083.0
122,2022-01-31,5803.0,116.0,333.0,9111.0,51.5,,,24186.0
123,2022-02-01,2895.0,34.0,184.0,8563.0,45.0,304.8448100189368,304.8448100189368,15144.0
124,2022-02-02,3658.0,51.0,211.0,8816.0,47.0,,,17419.0
125,2022-02-03,3082.0,37.0,192.0,8754.0,39.0,,,13376.0
126,2022-02-04,2131.0,22.0,136.0,8485.0,,315.4318481425444,384.61132039825117,12783.0
127,2022-02-05,2214.0,22.0,136.0,8430.0,65.0,,,10121.0
128,2022-02-06,3243.0,59.0,187.0,8635.0,48.5,,,15635.0
129,2022-02-07,2181.0,16.0,111.0,8497.0,44.0,90.35788717269898,90.35788717269898,9004.0
130,2022-02-08,2052.0,12.0,98.0,8752.0,46.0,,,7126.0
131,2022-02-09,2638.0,23.0,189.0,8675.0,47.0,350.75698694586754,350.75698694586754,10392.0
132,2022-02-10,2008.0,30.0,117.0,8497.0,44.0,,,7368.0
133,2022-02-11,1502.0,1.0,53.0,8652.0,44.0,386.64257254997887,480.09244536161424,2908.0
134,2022-02-12,1467.0,7.0,66.0,8469.0,45.0,369.59835743904114,390.85675079425175,3850.0
135,2022-02-13,2604.0,66.0,134.0,8345.0,42.0,,,12019.0
136,2022-02-14,1400.0,2.0,60.0,8465.0,47.0,542.8843507488568,542.8843507488568,3732.0
137,2022-02-15,1963.0,29.0,90.0,8556.0,,,,5855.0
138,2022-02-16,1261.0,12.0,39.0,8442.0,47.0,35.15659691691399,35.15659691691399,2060.0
139,2022-02-17,1620.0,16.0,33.0,8511.0,44.0,584.0857454697291,428.4383339325587,2114.0
140,2022-02-18,2468.0,26.0,106.0,8555.0,44.0,366.66959012349446,392.0358015576998,7109.0
141,2022-02-19,2083.0,14.0,101.0,8771.0,42.0,483.9624786893527,483.9624786893527,7155.0
142,2022-02-20,1680.0,11.0,68.0,8502.0,39.0,300.5635601937771,389.28094044725106,4866.0
143,2022-02-21,990.98,12.0,30.0,8197.0,39.0,365.5945077598095,487.16635980010034,2151.0
144,2022-02-22,871.52,,8.0,8325.0,39.0,531.8944981177648,680.0408152023952,845.0
145,2022-02-23,1390.0,12.0,29.0,8448.0,43.0,447.2372349838416,472.4206359088421,1904.0
146,2022-02-24,1703.0,23.0,42.0,8458.0,47.0,578.3773118654887,538.756994253397,2312.0
147,2022-02-25,1430.0,18.0,28.4,8179.0,41.0,,,1743.0
148,2022-02-26,1209.0,11.0,49.0,8182.0,39.0,564.6392045398553,371.2383741180102,4309.0
149,2022-02-27,1237.0,7.0,10.0,8436.0,41.0,347.0963262617588,433.84221341411273,1628.0
150,2022-02-28,1196.0,1.0,26.0,8424.0,38.0,486.4722220083078,554.0350405315558,2290.0
151,2022-03-01,2341.0,45.0,112.0,8435.0,38.0,440.2529671589533,440.2529671589533,7755.0
152,2022-03-02,1757.0,6.0,80.0,8615.0,39.0,353.8911856710911,353.8911856710911,4343.0
153,2022-03-03,4131.0,55.0,288.0,8793.0,39.0,,,19522.0
154,2022-03-04,1348.0,2.0,59.0,8425.0,39.0,424.14863179723415,851.5388958434263,3481.0
155,2022-03-05,1003.0,1.0,11.0,8348.0,41.0,,,1070.0
156,2022-03-06,981.35,,8.0,7990.0,38.0,,,1191.0
157,2022-03-07,931.38,,14.0,7997.0,,500.5013486782709,645.0250662724176,1225.0
158,2022-03-08,1257.0,,25.0,8090.0,44.0,50.149989616870876,79.31669555505114,1710.0
159,2022-03-09,1686.0,10.0,74.0,8398.0,39.0,316.5228077352047,295.8636691848437,5299.0
160,2022-03-10,1998.0,13.0,107.0,8713.0,39.0,567.6906878173351,831.0661445021631,5685.0
161,2022-03-11,1479.0,18.0,39.0,8556.0,45.0,376.04218576153124,453.9463319400947,2320.0
162,2022-03-12,1439.0,,36.0,8538.0,41.0,371.8367286344369,536.3244602382183,2470.0
163,2022-03-13,1466.0,5.0,54.0,8200.0,45.0,401.2319477876027,568.9213168819746,3036.0
164,2022-03-14,882.14,2.0,25.0,8073.0,47.0,455.5929607649644,478.5345347464085,1758.0
165,2022-03-15,1735.0,2.0,88.0,8570.0,46.0,,,4774.0
166,2022-03-16,1465.0,,40.0,8596.0,43.0,435.29670623342196,562.1797933955988,2025.0
167,2022-03-17,1364.0,2.0,51.0,8470.0,39.0,355.44307631452875,374.2764045655727,3179.0
168,2022-03-18,1647.0,6.0,36.0,8724.0,45.0,447.5888859450817,674.5736820240816,2612.0
169,2022-03-19,1800.0,26.0,64.0,8406.0,44.0,422.2614007989566,447.72783763011296,4475.0
170,2022-03-20,1353.0,,24.0,8603.0,44.0,,,1332.0
171,2022-03-21,1089.0,1.0,13.0,8416.0,39.0,451.6395886262258,549.5062799890836,1244.0
172,2022-03-22,1378.0,4.0,55.0,8494.0,39.0,383.88736438552536,434.28340418140095,3315.0
173,2022-03-23,1714.0,4.0,68.0,8560.0,41.0,,,5663.0
174,2022-03-24,1252.0,,20.0,8528.0,47.0,531.2489735603333,616.5824844241142,1392.0
175,2022-03-25,1636.0,7.0,92.0,8438.0,40.0,,,6244.0
176,2022-03-26,1344.0,5.0,30.0,8353.0,48.0,344.77607805331553,397.4510137438774,2748.0
177,2022-03-27,1239.0,2.0,71.0,7831.0,,441.4798119723797,530.192289942503,3803.0
178,2022-03-28,1460.0,5.0,38.0,8591.0,47.0,384.538862435023,384.538862435023,2847.0
179,2022-03-29,2678.0,49.0,131.0,8632.0,42.0,,,10032.0
180,2022-03-30,2255.0,18.0,141.0,8515.0,44.0,,,9673.0
181,2022-03-31,2841.0,53.0,152.0,8615.0,50.0,374.2219367007414,413.88862647414203,11940.0
182,2022-04-01,3278.0,17.0,195.0,9171.0,,60.44853913982709,127.53183560172718,10652.0
183,2022-04-02,1320.0,1.0,32.0,8544.0,59.0,,,1755.0
184,2022-04-03,2961.0,36.0,192.0,8858.0,57.0,,,10484.0
185,2022-04-04,1331.0,8.0,55.0,8371.0,54.0,401.3406587680181,515.4070910533269,3285.0
186,2022-04-05,639.75,,25.0,8029.0,57.0,754.5564349551993,930.339289488395,1135.0
187,2022-04-06,1061.0,4.0,18.0,8403.0,59.0,465.4735127349694,460.46771896084147,1444.0
188,2022-04-07,1335.0,7.0,44.0,8508.0,54.0,183.51783847212792,264.06605788270633,2500.0
189,2022-04-08,1540.0,11.0,52.0,8541.0,53.0,379.05947539011635,379.05947539011635,3132.0
190,2022-04-09,1076.0,,23.0,8405.0,65.0,464.4184193809827,524.7649444103241,1510.0
191,2022-04-10,1234.0,4.0,26.0,8452.0,53.0,458.6654758056004,550.4488947113355,1902.0
192,2022-04-11,1065.0,,10.0,8431.0,54.0,417.7860792398452,480.0154683788617,1582.0
193,2022-04-12,3088.0,66.0,122.0,8759.0,51.0,494.29083297451336,547.1241529524327,8662.0
194,2022-04-13,2231.0,27.0,88.0,8893.0,64.0,522.7639367322126,698.9475353340308,6354.0
195,2022-04-14,2358.0,40.0,128.0,8819.0,54.0,,,7402.0
196,2022-04-15,982.03,,22.0,8001.0,56.0,587.372576580445,760.8059249460698,1202.0
197,2022-04-16,1312.0,5.0,36.0,8222.0,48.0,407.304935147365,461.98185853759446,2170.0
198,2022-04-17,1875.0,13.0,58.0,8501.0,54.0,401.07267439961436,461.3226941168308,4133.0
199,2022-04-18,3604.0,62.0,205.0,8733.0,60.0,,,13713.0
200,2022-04-19,1727.0,19.0,64.0,8801.0,52.0,367.61355770428975,367.61355770428975,4157.0
201,2022-04-20,2382.0,22.0,116.0,9203.0,58.0,250.89632690946257,273.62624325553577,6704.0
202,2022-04-21,2011.0,16.0,126.0,8870.0,55.0,,,6061.0
203,2022-04-22,1679.0,1.0,47.0,9124.0,52.0,513.6730814715227,638.0728329241275,2410.0
204,2022-04-23,1806.0,24.0,113.0,8671.0,51.0,343.7923364639283,343.7923364639283,6758.0
205,2022-04-24,733.34,,11.0,8476.0,51.0,611.3724850594998,669.3057253658773,1047.0
206,2022-04-25,2154.0,22.0,94.0,9068.0,52.0,535.1466803034147,565.376657764117,4344.0
207,2022-04-26,2172.0,20.0,107.0,9172.0,50.0,,,5453.0
208,2022-04-27,1964.0,15.0,94.0,9056.0,54.0,,,4615.0
209,2022-04-28,1883.0,17.0,64.0,9041.0,50.0,,,3540.0
210,2022-04-29,2059.0,11.0,90.0,9160.0,54.0,441.56990901827817,441.56990901827817,4392.0
211,2022-04-30,1354.0,1.0,32.0,8888.0,53.0,386.32616341312723,386.32616341312723,1639.0
212,2022-05-01,1144.0,6.0,22.0,8630.0,51.0,431.5011020819346,462.1677466193835,1957.0
213,2022-05-02,1672.0,9.0,72.0,8909.0,53.0,49.74988060593605,49.74988060593605,3285.0
214,2022-05-03,2293.0,17.0,146.0,9093.0,58.0,,,5855.0
215,2022-05-04,2241.0,11.0,111.0,9206.0,47.0,450.41179698705673,508.41181236902867,5383.0
216,2022-05-05,2066.0,18.0,109.0,9132.0,48.0,426.5452757358551,454.3785947004954,4655.0
217,2022-05-06,2652.0,24.0,133.0,9409.0,62.0,,,7290.0
218,2022-05-07,3086.0,43.0,135.0,9087.0,49.0,512.2926879107952,536.6760223289331,8336.0
219,2022-05-08,2519.0,21.0,154.0,8998.0,51.0,498.2926037152607,534.4258695721626,8508.0
220,2022-05-09,2147.0,20.0,99.0,9064.0,43.0,476.4930630683899,556.38908273379,5869.0
221,2022-05-10,3413.0,37.0,278.0,9214.0,67.0,,,14184.0
222,2022-05-11,3485.0,31.0,267.0,9448.0,57.0,220.1796418150266,220.1796418150266,12713.0
223,2022-05-12,3209.0,12.0,233.0,9400.0,50.0,,,11821.0
224,2022-05-13,2488.0,26.0,135.0,9158.0,50.0,433.16290665070215,457.16291189193726,7039.0
225,2022-05-14,1078.0,2.0,31.0,8591.0,49.0,630.1659570157527,659.3826183458169,1756.0
226,2022-05-15,847.84,,5.0,8513.0,51.0,519.6013679762682,519.6013679762682,917.0
227,2022-05-16,2230.0,7.0,130.0,9176.0,47.0,369.4711547831695,419.00421651800474,5937.0
228,2022-05-17,3751.0,26.0,286.0,9549.0,49.0,,,14536.0
229,2022-05-18,3111.0,18.0,236.0,9363.0,53.0,119.78158159852029,119.78158159852029,12547.0
230,2022-05-19,4384.0,13.0,387.0,9680.0,46.0,383.3013470371565,437.38421914180117,17839.0
231,2022-05-20,2802.0,13.0,207.0,9030.0,49.0,,,11475.0
232,2022-05-21,1428.0,6.0,56.0,8201.0,44.0,515.1802729388078,515.1802729388078,3847.0
233,2022-05-22,1024.0,,6.0,8671.0,47.0,109.88146597544353,109.88146597544353,1267.0
234,2022-05-23,3619.0,26.0,256.0,9309.0,43.0,,,15858.0
235,2022-05-24,3729.0,13.0,322.0,9436.0,48.0,378.2427613476912,498.08859664797785,14980.0
236,2022-05-25,1980.0,9.0,123.0,9138.0,54.0,,,4484.0
237,2022-05-26,2253.0,10.0,123.0,9204.0,46.0,559.9163656135399,590.249662421147,5639.0
238,2022-05-27,2964.0,10.0,222.0,9375.0,51.0,219.84593502283093,398.8219620227814,10191.0
239,2022-05-28,1144.0,3.0,15.0,8736.0,53.0,65.66664303143821,65.66664303143821,1565.0
240,2022-05-29,1051.0,6.0,30.0,8585.0,49.0,366.10796966751417,366.10796966751417,1645.0
241,2022-05-30,1887.0,3.0,72.0,9004.0,47.0,505.8240112364292,505.8240112364292,4671.0
242,2022-05-31,1086.0,,7.0,8763.0,46.0,536.0895191470781,536.0895191470781,1192.0
243,2022-06-01,1643.0,4.0,61.0,8957.0,45.0,369.967460668087,369.967460668087,3333.0
244,2022-06-02,3159.0,31.0,165.0,9284.0,46.0,790.317722707987,581.2908264835675,9753.0
245,2022-06-03,1799.0,3.0,38.0,9198.0,51.0,289.4942798991998,289.4942798991998,2918.0
246,2022-06-04,1325.0,7.0,48.0,8707.0,56.0,70.11469801664353,70.11469801664353,2490.0
247,2022-06-05,1376.0,,16.0,8992.0,53.0,625.1157131910323,646.3448618888854,1777.0
248,2022-06-06,1427.0,,11.0,9118.0,50.0,,,1358.0
249,2022-06-07,2399.0,2.0,142.0,9285.0,48.0,404.49395382006963,433.5576713959376,7363.0
250,2022-06-08,1569.0,2.0,76.0,8914.0,47.0,305.49473883509637,335.3272848467032,2507.0
251,2022-06-09,4051.0,28.0,388.0,9255.0,54.0,,,16906.0
252,2022-06-10,1417.0,6.0,52.0,8738.0,60.0,,,4199.0
253,2022-06-11,4326.0,55.0,327.0,9536.0,43.0,395.5425882001718,395.5425882001718,16670.0
254,2022-06-12,1499.0,11.0,46.0,8748.0,47.0,379.27403016885125,379.27403016885125,3323.0
255,2022-06-13,1066.0,,10.0,8425.0,47.0,,,1505.0
256,2022-06-14,1214.0,2.0,29.0,8368.0,46.0,1185.947773273786,1244.7807534535727,2303.0
257,2022-06-15,1747.0,11.0,73.0,8519.0,44.0,957.9462375481924,1014.9462204058966,4376.0
258,2022-06-16,1671.0,9.0,49.0,8910.0,50.0,,,2840.0
259,2022-06-17,1725.0,,58.0,9116.0,44.0,381.67757142980895,381.67757142980895,2428.0
260,2022-06-18,1286.0,,38.0,8790.0,60.0,,,1912.0
261,2022-06-19,1098.0,3.0,28.0,8639.0,57.0,,,1815.0
262,2022-06-20,3757.0,14.0,318.0,9575.0,46.0,357.2118615309398,355.4627704262734,12392.0
263,2022-06-21,1551.0,11.0,65.0,8814.0,54.0,71.08334568540255,71.08334568540255,2929.0
264,2022-06-22,1340.0,,23.0,8887.0,51.0,384.7301722347737,384.7301722347737,1913.0
265,2022-06-23,980.54,5.0,16.0,8557.0,56.0,,,2240.0
266,2022-06-24,1161.0,5.0,30.0,8707.0,51.0,,,2444.0
267,2022-06-25,2831.0,25.0,171.0,9156.0,46.0,233.01268938581146,233.01268938581146,9799.0
268,2022-06-26,953.15,,4.0,8624.0,50.0,110.05047978361446,110.05047978361446,1033.0
269,2022-06-27,734.46,,5.0,8440.0,45.0,551.574719285965,551.574719285965,785.56
270,2022-06-28,1502.0,2.0,56.0,8811.0,61.0,,,4041.0
271,2022-06-29,1115.0,,26.0,8532.0,47.0,445.33579812447226,494.6528848568598,1918.0
272,2022-06-30,3443.0,61.0,184.0,9245.0,59.0,,,12894.0
273,2022-07-01,1613.0,4.0,78.0,8932.0,63.0,567.9339423934617,567.9339423934617,3163.0
274,2022-07-02,3134.0,25.0,242.0,9415.0,46.0,347.2237976749738,375.3904282132784,10747.0
275,2022-07-03,2165.0,28.0,112.0,8881.0,53.0,234.91227087378502,234.91227087378502,10718.0
276,2022-07-04,1034.0,4.0,29.0,8481.0,47.0,525.8723764359951,729.4303574939569,2371.0
277,2022-07-05,2030.0,13.0,139.0,8804.0,49.0,304.58206003109615,304.58206003109615,6981.0
278,2022-07-06,2031.0,3.0,83.0,9194.0,49.0,,,3355.0
279,2022-07-07,1400.0,10.0,47.0,8737.0,54.0,,,3007.0
280,2022-07-08,1844.0,5.0,78.0,9034.0,51.0,380.0633165538311,380.0633165538311,5267.0
281,2022-07-09,1102.0,2.0,29.0,8649.0,47.0,,,2390.0
282,2022-07-10,1436.0,3.0,20.0,8962.0,47.0,435.9594797114531,435.9594797114531,1862.0
283,2022-07-11,1853.0,,104.0,9123.0,56.0,,,5494.0
284,2022-07-12,1971.0,2.0,113.0,8986.0,53.0,440.4681242624918,470.78476526339847,6331.0
285,2022-07-13,837.32,,14.0,8521.0,52.0,,,1591.0
286,2022-07-14,1606.0,12.0,26.0,8943.0,47.0,457.4224980056286,457.4224980056286,2116.0
287,2022-07-15,2362.0,22.0,103.0,9020.0,47.0,,,6787.0
288,2022-07-16,2636.0,20.0,214.2,8982.0,49.0,429.3755575696627,429.3755575696627,5356.0
289,2022-07-17,1655.0,35.0,18.0,8588.0,53.0,,,1348.0
290,2022-07-18,2329.0,31.0,128.0,8719.0,62.0,,,7128.0
291,2022-07-19,617.39,9.0,9.6,7948.0,52.0,,,1461.0
292,2022-07-20,1393.0,2.0,50.0,8385.0,53.0,,,3695.0
293,2022-07-21,1459.0,14.0,27.0,8506.0,48.0,439.234191095829,471.6966913421949,2173.0
294,2022-07-22,1958.0,13.0,60.0,9003.0,56.0,,,4210.0
295,2022-07-23,1819.0,17.0,42.0,8775.0,56.0,,,2878.0
296,2022-07-24,3303.0,13.0,29.2,9255.0,50.0,,,1855.0
297,2022-07-25,4321.0,34.0,304.0,9591.0,45.0,354.7565980017185,383.6569928983847,18250.0
298,2022-07-26,1395.0,2.0,69.0,8505.0,57.0,410.1887605388959,439.23040322065356,3801.0
299,2022-07-27,1108.0,1.0,21.0,8146.0,49.0,450.7128550648689,543.6728708922863,2308.0
300,2022-07-28,2094.0,16.0,107.0,8664.0,49.0,410.62651372353236,410.62651372353236,4993.0
301,2022-07-29,1565.0,12.0,22.0,8772.0,43.0,,,2035.0
302,2022-07-30,1793.0,16.0,50.0,8801.0,44.0,370.0358361025651,370.0358361025651,4126.0
303,2022-07-31,1423.0,7.0,62.0,8713.0,51.0,216.27568912307424,216.27568912307424,2617.0
304,2022-08-01,1987.0,14.0,91.0,8923.0,46.0,64.54163925250371,64.54163925250371,6870.0
305,2022-08-02,1516.0,7.0,77.0,8647.0,47.0,356.50764932632444,382.17442058324815,7050.0
306,2022-08-03,1181.0,3.0,57.0,7801.0,52.0,,,5148.0
307,2022-08-04,330.48,6.0,5.0,7709.0,43.0,390.87645577987035,390.87645577987035,6542.0
308,2022-08-05,551.96,7.0,33.0,5318.0,,,,5543.0
309,2022-08-06,,,,,,,,2917.0
310,2022-08-07,72.05,,,,47.0,,,3475.0
311,2022-08-08,2863.0,35.0,181.0,8865.0,46.0,84.3753899315993,84.3753899315993,9246.0
312,2022-08-09,2201.0,14.0,144.0,8557.0,47.0,,,8470.0
313,2022-08-10,1577.0,3.0,28.0,8420.0,48.0,476.7409189184507,476.7409189184507,2826.0
314,2022-08-11,2288.0,12.0,173.0,8858.0,44.0,,,7954.0
315,2022-08-12,2274.0,8.0,176.0,9045.0,49.0,37.76665673057238,37.76665673057238,6912.0
316,2022-08-13,3644.0,44.0,224.0,9331.0,44.0,,,13470.0
317,2022-08-14,3692.0,73.0,218.0,8410.0,55.0,,,20839.0
318,2022-08-15,2700.0,26.0,151.0,8831.0,50.0,470.90490395824116,470.90490395824116,9352.0
319,2022-08-16,2078.0,19.0,147.0,8476.0,47.0,653.027272417148,566.4307443201542,6187.0
320,2022-08-17,2998.0,30.0,165.0,8980.0,51.0,,,9501.0
321,2022-08-18,2709.0,10.0,190.0,8796.0,49.0,339.9071736017863,360.08654725551605,9826.0
322,2022-08-19,1756.0,12.0,67.0,8355.0,51.0,424.9508294622104,424.9508294622104,5053.0
323,2022-08-20,2436.0,18.0,193.0,8787.0,47.0,398.0781338651975,422.744817229112,6994.0
324,2022-08-21,1770.0,2.0,75.0,8623.0,51.0,700.5394768774509,958.7137564520041,2992.0
325,2022-08-22,1148.0,3.0,27.0,8102.0,53.0,452.3384427626927,487.6719886581103,2827.0
326,2022-08-23,3016.0,28.0,198.0,8604.0,57.0,,,10884.0
327,2022-08-24,1783.0,13.0,86.0,8801.0,47.0,379.8966069638729,379.8966069638729,4808.0
328,2022-08-25,1423.0,9.0,29.0,8724.0,48.0,355.81856958468757,355.81856958468757,2989.0
329,2022-08-26,1139.0,7.0,24.0,8546.0,47.0,427.43489048878354,611.0680988550187,2486.0
330,2022-08-27,2089.0,3.0,93.0,9001.0,45.0,470.20942505796756,501.042774150769,6891.0
331,2022-08-28,1688.0,6.0,105.0,8831.0,60.0,533.9955036600431,555.6621671875317,7225.0
332,2022-08-29,1747.0,11.0,88.0,8842.0,49.0,320.45040001471835,320.45040001471835,3122.0
333,2022-08-30,1383.0,29.0,56.0,8546.0,55.0,298.67538343469306,328.9048135022323,7630.0
334,2022-08-31,1528.0,2.0,48.0,8818.0,47.0,468.2636677801609,500.0970271885396,3401.0
335,2022-09-01,706.14,,,8439.0,46.0,400.0273826301098,400.0273826301098,6051.0
336,2022-09-02,2672.0,32.0,101.0,9121.0,45.0,411.97147613366445,411.97147613366445,7912.0
337,2022-09-03,2210.0,30.0,66.0,8931.0,47.0,,,5836.0
338,2022-09-04,1422.0,,27.0,8874.0,43.0,367.8360815167427,391.9778119444847,2465.0
339,2022-09-05,1238.0,2.0,17.0,8736.0,48.0,,,1872.0
340,2022-09-06,2017.0,21.0,40.0,8703.0,46.0,354.5900486866633,382.6900606989861,3346.0
341,2022-09-07,1373.0,1.0,17.0,8585.0,55.0,,,1950.0
342,2022-09-08,2005.0,21.0,112.0,8563.0,54.0,,,7088.0
343,2022-09-09,3411.0,38.0,280.0,9270.0,55.0,,,11032.0
344,2022-09-10,3622.0,48.0,170.0,9392.0,50.0,336.584023753802,336.584023753802,10162.0
345,2022-09-11,1930.0,5.0,88.0,8978.0,47.0,350.5950281381607,350.5950281381607,3943.0
346,2022-09-12,337.18,,2.0,7564.0,47.0,,,825.19
347,2022-09-13,1248.0,2.0,32.0,8091.0,54.0,232.32514155904454,232.32514155904454,2302.0
348,2022-09-14,2145.0,4.0,78.0,8693.0,48.0,,,5020.0
349,2022-09-15,1798.0,13.0,64.0,8624.0,49.0,398.0868280172348,550.758515059948,4231.0
350,2022-09-16,1385.0,11.0,28.0,8744.0,46.0,441.84057296117146,467.5072595834732,1944.0
351,2022-09-17,1912.0,4.0,60.0,8951.0,54.0,,,5153.0
354,2022-09-20,2187.0,30.0,95.0,8993.0,54.0,,,6336.0
355,2022-09-21,2751.0,46.0,80.0,9069.0,48.0,459.71157667438194,490.94514896273614,5008.0
356,2022-09-22,3782.0,95.0,129.0,8365.0,67.0,,,5402.0
357,2022-09-23,1633.0,2.0,28.0,9201.0,52.0,359.9464913606644,359.9464913606644,2093.0
358,2022-09-24,2512.0,43.0,71.0,9071.0,48.0,,,3132.0
359,2022-09-25,2589.0,39.0,47.0,9195.0,48.0,490.6424837092559,570.871980557839,2456.0
360,2022-09-26,1476.0,3.0,29.0,9029.0,54.0,,,2508.0
361,2022-09-27,1622.0,2.0,44.0,9057.0,50.0,485.14668882489207,520.8140714844068,3481.0
362,2022-09-28,857.84,2.0,19.0,8595.0,46.0,600.963715940714,649.6315150578818,1041.0
363,2022-09-29,1530.0,7.0,31.0,8950.0,45.0,291.74431925018627,320.0776227970918,2622.0
364,2022-09-30,1490.0,4.0,27.0,9006.0,46.0,355.27166142662367,395.6934338788192,2137.0
365,2022-10-01,857.19,,1.0,8488.0,50.0,489.2610861361027,509.58276488582294,337.0
